vsg244,6
sm6310,3
idg227,8
rr2875,4
jas1734,2
alv338,9
ar5742,2
ks5006,1
pk1676,3
rc3885,4
err369,6
kr2255,2
zw1511,5
wz1269,2
ek2925,1
nz767,3
dvc247,9
cl4758,9
hyz213,2
sr4258,3
sd3258,2
na2196,4
am7216,1
nad385,7
ljd344,9
ld2240,5
nrp341,6
meb806,3
jne264,5
zaa251,4
fty208,1
gps286,1
msk709,1
ajs1215,8
jm7716,4
lsl359,6
yt1288,4
dlk399,1
att309,7
dzz202,1
zk522,1
amb1479,6
ajk718,1
ct2221,2
cwc458,6
ky1044,4
jh6414,3
jcp585,1
yl4916,1
jh5822,1
iw483,1
ndl319,1
kzz209,6
ryl261,4
jl8493,2
bi374,1
hf822,4
jjt423,1
ws1461,1
rz1163,1
afc380,6
ar4883,6
bl2642,8
ram882,2
qz796,2
rd2538,7
sc5469,6
mc7309,3
pjd350,2
pt1081,1
slp501,1
ank428,2
ear533,1
jmm1266,1
mc7196,1
wy792,1
ez778,1
rx428,1
wc1623,1
hs3616,1
ag6087,1
gs2957,1
kzg204,1
cn1095,2
cl4201,1
cx525,1
vk1151,2
dmt449,1
mll565,1
xc1293,1
zw1683,1
as6787,1
cht273,1
szl209,1
tsm313,1
vk707,1
vs1184,1
wsk235,1
wtc256,1
ry542,1
sbd267,1
mr3369,1
kht249,1
ks2942,1
mc4522,1
hhc257,1
ij323,1
acc547,1
nj640,1
nk1520,1
nw785,1
sh3253,1
st1948,1
tg1125,1
tl1350,1
mcc643,1
yl2245,1
yt781,1
fxp201,1
jm5341,1
jr3576,1
jc5694,1
kmt397,1
jh3957,1
al3593,1
dz726,1
ec2393,1
mx356,1
sx444,1
yd724,1
ypl231,1
ddl304,1
ap4063,1
sas1129,1
ks3595,1
cw1861,1
jl6092,1
wwc256,1
xw915,1
sj1736,1
ah3253,1
lw1575,1
rm3884,1
ql527,1
csl454,1
sya244,1
yw2222,1
sz1710,1
bb1916,1
ayy232,1
rc3290,1
vmc301,1
yk1527,1
ja2981,1
lwc248,1
mc5905,1
cmg668,1
cy1080,1
ts3072,1
tst281,1
tst282,1
ryw229,1
wl1645,1
na1970,1
xf415,1
ss9270,1
sz2369,1
fw804,1
ez753,1
lax201,1
tx420,1
dl1597,1
asy281,1
jh6248,2
cz1498,1
acl594,1
yw3423,1
jl8476,1
ct1999,1
ajc836,1
xyw212,1
js9927,1
neila.zniber,8
yaa252,2
tp1377,3
ta1338,1
yw2765,1
cl3707,9
kmt451,1
pk1770,1
meg772,3
jws522,5
bt1119,1
ly990,1
bdd270,1
rd2268,1
mlk512,2
jp4553,1
jm7786,1
kam1101,1
ml6323,1
sf2985,1
bw1463,1
sy1806,1
kh2848,2
ck1894,1
sw3766,1
st3301,1
ls4049,1
hk2421,1
cdc497,1
rsg434,1
esw326,1
mrz270,1
emc654,1
kl3129,1
sl6785,2
shp467,1
ec3381,1
mkl387,1
pl1902,6
aqc210,1
xl2565,1
nwb241,1
yy2208,1
arr567,1
sc6343,1
hg1126,1
ns3776,4
sp4381,1
rr3021,1
ss11043,1
jaz350,3
hy1314,1
kht271,2
qz583,2
cyh359,2
kl3274,2
kk3334,2
rc3620,2
bx352,2
iav225,2
kwl317,2
zz2202,2
gl1641,2
jk6373,2
kjp427,2
sp4681,2
yj1246,2
mst395,2
zl1518,2
xz1608,2
dk3065,2
hyp244,2
gm1921,2
ip827,2
xt548,2
brb341,2
nn1079,2
db3957,2
jzg219,2
rhn235,2
nrm365,2
xc1188,2
bva212,2
ml4979,2
gl1147,2
yz3385,2
vg1171,2